pair,base,quote,date
SYLO/USDT,SYLO,USDT,2025-09-08T06:43:08Z
KALIS/USDT,KALIS,USDT,2025-09-08T06:43:08Z
XCV/USDT,XCV,USDT,2025-09-08T06:43:08Z
FAND/USDT,FAND,USDT,2025-09-08T06:43:08Z
MOON/USDT,MOON,USDT,2025-09-08T06:43:08Z
JUNO/USDT,JUNO,USDT,2025-09-08T06:43:08Z
KINTO/USDT,KINTO,USDT,2025-09-08T06:43:08Z
ABBC/USDT,ABBC,USDT,2025-09-08T06:43:08Z
SYLO/USDT,SYLO,USDT,2025-09-09T01:12:44Z
KALIS/USDT,KALIS,USDT,2025-09-09T01:12:44Z
XCV/USDT,XCV,USDT,2025-09-09T01:12:44Z
FAND/USDT,FAND,USDT,2025-09-09T01:12:44Z
MOON/USDT,MOON,USDT,2025-09-09T01:12:44Z
JUNO/USDT,JUNO,USDT,2025-09-09T01:12:44Z
KINTO/USDT,KINTO,USDT,2025-09-09T01:12:44Z
ABBC/USDT,ABBC,USDT,2025-09-09T01:12:44Z
W3GG/USDT,W3GG,USDT,2025-09-09T11:10:16Z
BRLN/USDT,BRLN,USDT,2025-09-09T11:10:16Z
NEWM/USDT,NEWM,USDT,2025-09-09T11:10:16Z
SYLO/USDT,SYLO,USDT,2025-09-10T09:05:32Z
KALIS/USDT,KALIS,USDT,2025-09-10T09:05:32Z
XCV/USDT,XCV,USDT,2025-09-10T09:05:32Z
FAND/USDT,FAND,USDT,2025-09-10T09:05:32Z
MOON/USDT,MOON,USDT,2025-09-10T09:05:32Z
JUNO/USDT,JUNO,USDT,2025-09-10T09:05:32Z
ABBC/USDT,ABBC,USDT,2025-09-10T09:05:32Z
DOP/USDT,DOP,USDT,2025-09-10
SYLO/USDT,SYLO,USDT,2025-09-11
KALIS/USDT,KALIS,USDT,2025-09-11
XCV/USDT,XCV,USDT,2025-09-11
DOP/USDT,DOP,USDT,2025-09-11
FAND/USDT,FAND,USDT,2025-09-11
MOON/USDT,MOON,USDT,2025-09-11
JUNO/USDT,JUNO,USDT,2025-09-11
ABBC/USDT,ABBC,USDT,2025-09-11
GQB/USDT,GQB,USDT,2025-09-11
WTA/USDT,WTA,USDT,2025-09-11
GALAXIS/USDT,GALAXIS,USDT,2025-09-11
LIZARD/USDT,LIZARD,USDT,2025-09-11
MIRAI/USDT,MIRAI,USDT,2025-09-11
KINU/USDT,KINU,USDT,2025-09-11
GULL/USDT,GULL,USDT,2025-09-11
GREENBTC/USDT,GREENBTC,USDT,2025-09-11
NAP/USDT,NAP,USDT,2025-09-11
KRU/USDT,KRU,USDT,2025-09-11
DNAU/USDT,DNAU,USDT,2025-09-11
NOVA/USDT,NOVA,USDT,2025-09-11
AMZNX/USDT,AMZNX,USDT,2025-09-11
NUROAI/USDT,NUROAI,USDT,2025-09-11
PINGN/USDT,PINGN,USDT,2025-09-11
EQ/USDT,EQ,USDT,2025-09-11
VICS/USDT,VICS,USDT,2025-09-11
FINBLOX/USDT,FINBLOX,USDT,2025-09-11
RUSSELL/USDT,RUSSELL,USDT,2025-09-11
MUNITY/USDT,MUNITY,USDT,2025-09-11
ARIX/USDT,ARIX,USDT,2025-09-11
MATEAI/USDT,MATEAI,USDT,2025-09-11
JANITOR/USDT,JANITOR,USDT,2025-09-11
GSTOP/USDT,GSTOP,USDT,2025-09-11
LEO/USDT,LEO,USDT,2025-09-11
FORWARD/USDT,FORWARD,USDT,2025-09-11
FLAY/USDT,FLAY,USDT,2025-09-11
OGGYETH/USDT,OGGYETH,USDT,2025-09-11
VALENTINE/USDT,VALENTINE,USDT,2025-09-11
GQ/USDT,GQ,USDT,2025-09-11
MASS/USDT,MASS,USDT,2025-09-11
CT/USDT,CT,USDT,2025-09-11
NVDAX/USDT,NVDAX,USDT,2025-09-11
MARS/USDT,MARS,USDT,2025-09-11
ROCKI/USDT,ROCKI,USDT,2025-09-11
WALK/USDT,WALK,USDT,2025-09-11
DPR/USDT,DPR,USDT,2025-09-11
ICED/USDT,ICED,USDT,2025-09-11
FUCOIN/USDT,FUCOIN,USDT,2025-09-11
OSOL/USDT,OSOL,USDT,2025-09-11
KITTY/USDT,KITTY,USDT,2025-09-11
YZYSOL/USDT,YZYSOL,USDT,2025-09-11
MNEMO/USDT,MNEMO,USDT,2025-09-11
GENO/USDT,GENO,USDT,2025-09-11
OMN/USDT,OMN,USDT,2025-09-11
SOV/USDT,SOV,USDT,2025-09-11
CROWN/USDT,CROWN,USDT,2025-09-11
INFOFI/USDT,INFOFI,USDT,2025-09-11
DRA/USDT,DRA,USDT,2025-09-11
GNC/USDT,GNC,USDT,2025-09-11
OLE/USDT,OLE,USDT,2025-09-11
YOURAI/USDT,YOURAI,USDT,2025-09-11
UOS/USDT,UOS,USDT,2025-09-11
DFC/USDT,DFC,USDT,2025-09-11
GTCOIN/USDT,GTCOIN,USDT,2025-09-11
TAA/USDT,TAA,USDT,2025-09-11
HOODX/USDT,HOODX,USDT,2025-09-11
XLS/USDT,XLS,USDT,2025-09-11
RENQ/USDT,RENQ,USDT,2025-09-11
BLPT/USDT,BLPT,USDT,2025-09-11
CATE/USDT,CATE,USDT,2025-09-11
UPT/USDT,UPT,USDT,2025-09-11
GO/USDT,GO,USDT,2025-09-11
LUCKYCOIN/USDT,LUCKYCOIN,USDT,2025-09-11
XGROK/USDT,XGROK,USDT,2025-09-11
CROAK/USDT,CROAK,USDT,2025-09-11
TRUMP2024/USDT,TRUMP2024,USDT,2025-09-11
NYLA/USDT,NYLA,USDT,2025-09-11
MUDOL2/USDT,MUDOL2,USDT,2025-09-11
JSM/USDT,JSM,USDT,2025-09-11
GROW/USDT,GROW,USDT,2025-09-11
DINO/USDT,DINO,USDT,2025-09-11
ZRS/USDT,ZRS,USDT,2025-09-11
YAKA/USDT,YAKA,USDT,2025-09-11
IMAGINE/USDT,IMAGINE,USDT,2025-09-11
IONX/USDT,IONX,USDT,2025-09-11
RVX/USDT,RVX,USDT,2025-09-11
LMCSWAP/USDT,LMCSWAP,USDT,2025-09-11
BEETS/USDT,BEETS,USDT,2025-09-11
NDQ/USDT,NDQ,USDT,2025-09-11
PKTC/USDT,PKTC,USDT,2025-09-11
KDG/USDT,KDG,USDT,2025-09-11
HQ/USDT,HQ,USDT,2025-09-11
BITCAT/USDT,BITCAT,USDT,2025-09-11
PMG/USDT,PMG,USDT,2025-09-11
AE/USDT,AE,USDT,2025-09-11
LAMBO/USDT,LAMBO,USDT,2025-09-11
RETARDIO/USDT,RETARDIO,USDT,2025-09-11
IRISVIRTUAL/USDT,IRISVIRTUAL,USDT,2025-09-11
SQUAD/USDT,SQUAD,USDT,2025-09-11
PYN/USDT,PYN,USDT,2025-09-11
ELK/USDT,ELK,USDT,2025-09-11
BART/USDT,BART,USDT,2025-09-11
DKS/USDT,DKS,USDT,2025-09-11
FPX/USDT,FPX,USDT,2025-09-11
NEBL/USDT,NEBL,USDT,2025-09-11
EXS/USDT,EXS,USDT,2025-09-11
GOG/USDT,GOG,USDT,2025-09-11
COINX/USDT,COINX,USDT,2025-09-11
EON/USDT,EON,USDT,2025-09-11
AJUN/USDT,AJUN,USDT,2025-09-11
ONDOAI/USDT,ONDOAI,USDT,2025-09-11
NYAN/USDT,NYAN,USDT,2025-09-11
MCB/USDT,MCB,USDT,2025-09-11
REALIUM/USDT,REALIUM,USDT,2025-09-11
OCMT/USDT,OCMT,USDT,2025-09-11
AGNT/USDT,AGNT,USDT,2025-09-11
POPE/USDT,POPE,USDT,2025-09-11
MARIE/USDT,MARIE,USDT,2025-09-11
CRTS/USDT,CRTS,USDT,2025-09-11
EKTA/USDT,EKTA,USDT,2025-09-11
SPONGE/USDT,SPONGE,USDT,2025-09-11
LBR/USDT,LBR,USDT,2025-09-11
LBTC/USDT,LBTC,USDT,2025-09-11
SIMPSONETH/USDT,SIMPSONETH,USDT,2025-09-11
GGMT/USDT,GGMT,USDT,2025-09-11
STAGE/USDT,STAGE,USDT,2025-09-11
SCAM/USDT,SCAM,USDT,2025-09-11
FWC/USDT,FWC,USDT,2025-09-11
MPAA/USDT,MPAA,USDT,2025-09-11
EARNM/USDT,EARNM,USDT,2025-09-11
LCAT/USDT,LCAT,USDT,2025-09-11
HENLO/USDT,HENLO,USDT,2025-09-11
DARK/USDT,DARK,USDT,2025-09-11
NODEX/USDT,NODEX,USDT,2025-09-11
SYLO/USDT,SYLO,USDT,2025-09-12
KALIS/USDT,KALIS,USDT,2025-09-12
XCV/USDT,XCV,USDT,2025-09-12
DOP/USDT,DOP,USDT,2025-09-12
FAND/USDT,FAND,USDT,2025-09-12
MOON/USDT,MOON,USDT,2025-09-12
JUNO/USDT,JUNO,USDT,2025-09-12
ABBC/USDT,ABBC,USDT,2025-09-12
SYLO/USDT,SYLO,USDT,2025-09-13
KALIS/USDT,KALIS,USDT,2025-09-13
XCV/USDT,XCV,USDT,2025-09-13
DOP/USDT,DOP,USDT,2025-09-13
FAND/USDT,FAND,USDT,2025-09-13
MOON/USDT,MOON,USDT,2025-09-13
JUNO/USDT,JUNO,USDT,2025-09-13
ABBC/USDT,ABBC,USDT,2025-09-13
SYLO/USDT,SYLO,USDT,2025-09-17
XCV/USDT,XCV,USDT,2025-09-17
FAND/USDT,FAND,USDT,2025-09-17
ABBC/USDT,ABBC,USDT,2025-09-17
GQB/USDT,GQB,USDT,2025-09-17
WTA/USDT,WTA,USDT,2025-09-17
SSE/USDT,SSE,USDT,2025-09-17
GALAXIS/USDT,GALAXIS,USDT,2025-09-17
GULL/USDT,GULL,USDT,2025-09-17
SAN/USDT,SAN,USDT,2025-09-17
GREENBTC/USDT,GREENBTC,USDT,2025-09-17
NAP/USDT,NAP,USDT,2025-09-17
CNS/USDT,CNS,USDT,2025-09-17
FEAR/USDT,FEAR,USDT,2025-09-17
DON/USDT,DON,USDT,2025-09-17
HONOR/USDT,HONOR,USDT,2025-09-17
KRU/USDT,KRU,USDT,2025-09-17
STUPIDINU/USDT,STUPIDINU,USDT,2025-09-17
NOVA/USDT,NOVA,USDT,2025-09-17
EQ/USDT,EQ,USDT,2025-09-17
VICS/USDT,VICS,USDT,2025-09-17
FINBLOX/USDT,FINBLOX,USDT,2025-09-17
PTC/USDT,PTC,USDT,2025-09-17
GSTOP/USDT,GSTOP,USDT,2025-09-17
ISLM/USDT,ISLM,USDT,2025-09-17
BROWNHOUSE/USDT,BROWNHOUSE,USDT,2025-09-17
KALIS/USDT,KALIS,USDT,2025-09-17
FORWARD/USDT,FORWARD,USDT,2025-09-17
FLAY/USDT,FLAY,USDT,2025-09-17
OGGYETH/USDT,OGGYETH,USDT,2025-09-17
GQ/USDT,GQ,USDT,2025-09-17
UWON/USDT,UWON,USDT,2025-09-17
PS/USDT,PS,USDT,2025-09-17
DOGSOL/USDT,DOGSOL,USDT,2025-09-17
MASS/USDT,MASS,USDT,2025-09-17
ULX/USDT,ULX,USDT,2025-09-17
YAPYO/USDT,YAPYO,USDT,2025-09-17
REXSOL/USDT,REXSOL,USDT,2025-09-17
CT/USDT,CT,USDT,2025-09-17
LITTLEGUY/USDT,LITTLEGUY,USDT,2025-09-17
WALK/USDT,WALK,USDT,2025-09-17
DPR/USDT,DPR,USDT,2025-09-17
FUCOIN/USDT,FUCOIN,USDT,2025-09-17
WORTHLESS/USDT,WORTHLESS,USDT,2025-09-17
GENO/USDT,GENO,USDT,2025-09-17
SARM/USDT,SARM,USDT,2025-09-17
OMN/USDT,OMN,USDT,2025-09-17
NMD/USDT,NMD,USDT,2025-09-17
CROWN/USDT,CROWN,USDT,2025-09-17
INFOFI/USDT,INFOFI,USDT,2025-09-17
DRA/USDT,DRA,USDT,2025-09-17
DARKECLIPSE/USDT,DARKECLIPSE,USDT,2025-09-17
SGC/USDT,SGC,USDT,2025-09-17
RKNE/USDT,RKNE,USDT,2025-09-17
UOS/USDT,UOS,USDT,2025-09-17
ORANGE/USDT,ORANGE,USDT,2025-09-17
GTCOIN/USDT,GTCOIN,USDT,2025-09-17
REDBIRD/USDT,REDBIRD,USDT,2025-09-17
XLS/USDT,XLS,USDT,2025-09-17
PULSE/USDT,PULSE,USDT,2025-09-17
SENT/USDT,SENT,USDT,2025-09-17
CATE/USDT,CATE,USDT,2025-09-17
UPT/USDT,UPT,USDT,2025-09-17
PFVS/USDT,PFVS,USDT,2025-09-17
LUIGI/USDT,LUIGI,USDT,2025-09-17
TRISIG/USDT,TRISIG,USDT,2025-09-17
MUDOL2/USDT,MUDOL2,USDT,2025-09-17
JSM/USDT,JSM,USDT,2025-09-17
GROW/USDT,GROW,USDT,2025-09-17
CBK/USDT,CBK,USDT,2025-09-17
ZRS/USDT,ZRS,USDT,2025-09-17
YAKA/USDT,YAKA,USDT,2025-09-17
IONX/USDT,IONX,USDT,2025-09-17
LMCSWAP/USDT,LMCSWAP,USDT,2025-09-17
STND/USDT,STND,USDT,2025-09-17
PKTC/USDT,PKTC,USDT,2025-09-17
KDG/USDT,KDG,USDT,2025-09-17
HQ/USDT,HQ,USDT,2025-09-17
BITCAT/USDT,BITCAT,USDT,2025-09-17
PMG/USDT,PMG,USDT,2025-09-17
AE/USDT,AE,USDT,2025-09-17
RETARDIO/USDT,RETARDIO,USDT,2025-09-17
ARENA/USDT,ARENA,USDT,2025-09-17
NOTAI/USDT,NOTAI,USDT,2025-09-17
SQUAD/USDT,SQUAD,USDT,2025-09-17
ELK/USDT,ELK,USDT,2025-09-17
TOTAKEKE/USDT,TOTAKEKE,USDT,2025-09-17
UPTOP/USDT,UPTOP,USDT,2025-09-17
GPUAI/USDT,GPUAI,USDT,2025-09-17
MOON/USDT,MOON,USDT,2025-09-17
JUNO/USDT,JUNO,USDT,2025-09-17
NEBL/USDT,NEBL,USDT,2025-09-17
EXS/USDT,EXS,USDT,2025-09-17
DEB/USDT,DEB,USDT,2025-09-17
BLS/USDT,BLS,USDT,2025-09-17
FEL/USDT,FEL,USDT,2025-09-17
EON/USDT,EON,USDT,2025-09-17
AJUN/USDT,AJUN,USDT,2025-09-17
MCB/USDT,MCB,USDT,2025-09-17
TANAKI/USDT,TANAKI,USDT,2025-09-17
AGNT/USDT,AGNT,USDT,2025-09-17
PEPEBAGS/USDT,PEPEBAGS,USDT,2025-09-17
CRTS/USDT,CRTS,USDT,2025-09-17
LBTC1/USDT,LBTC1,USDT,2025-09-17
WRKX/USDT,WRKX,USDT,2025-09-17
VERSE/USDT,VERSE,USDT,2025-09-17
DETF/USDT,DETF,USDT,2025-09-17
GGMT/USDT,GGMT,USDT,2025-09-17
STAGE/USDT,STAGE,USDT,2025-09-17
SCAM/USDT,SCAM,USDT,2025-09-17
MPAA/USDT,MPAA,USDT,2025-09-17
EARNM/USDT,EARNM,USDT,2025-09-17
LCAT/USDT,LCAT,USDT,2025-09-17
BTH/USDT,BTH,USDT,2025-09-17
HENLO/USDT,HENLO,USDT,2025-09-17
SYLO/USDT,SYLO,USDT,2025-09-22
XCV/USDT,XCV,USDT,2025-09-22
ABBC/USDT,ABBC,USDT,2025-09-22
SYLO/USDT,SYLO,USDT,2025-09-23
XCV/USDT,XCV,USDT,2025-09-23
ABBC/USDT,ABBC,USDT,2025-09-23
GQB/USDT,GQB,USDT,2025-09-23
WTA/USDT,WTA,USDT,2025-09-23
GALAXIS/USDT,GALAXIS,USDT,2025-09-23
GULL/USDT,GULL,USDT,2025-09-23
SAN/USDT,SAN,USDT,2025-09-23
GREENBTC/USDT,GREENBTC,USDT,2025-09-23
NAP/USDT,NAP,USDT,2025-09-23
DON/USDT,DON,USDT,2025-09-23
KRU/USDT,KRU,USDT,2025-09-23
STUPIDINU/USDT,STUPIDINU,USDT,2025-09-23
NOVA/USDT,NOVA,USDT,2025-09-23
EQ/USDT,EQ,USDT,2025-09-23
MSTRX/USDT,MSTRX,USDT,2025-09-23
VICS/USDT,VICS,USDT,2025-09-23
FINBLOX/USDT,FINBLOX,USDT,2025-09-23
PHYCHAIN/USDT,PHYCHAIN,USDT,2025-09-23
GSTOP/USDT,GSTOP,USDT,2025-09-23
BROWNHOUSE/USDT,BROWNHOUSE,USDT,2025-09-23
KALIS/USDT,KALIS,USDT,2025-09-23
FORWARD/USDT,FORWARD,USDT,2025-09-23
FLAY/USDT,FLAY,USDT,2025-09-23
PEPEONTRON/USDT,PEPEONTRON,USDT,2025-09-23
OGGYETH/USDT,OGGYETH,USDT,2025-09-23
GQ/USDT,GQ,USDT,2025-09-23
ANITA/USDT,ANITA,USDT,2025-09-23
DOGSOL/USDT,DOGSOL,USDT,2025-09-23
MASS/USDT,MASS,USDT,2025-09-23
ULX/USDT,ULX,USDT,2025-09-23
REXSOL/USDT,REXSOL,USDT,2025-09-23
LITTLEGUY/USDT,LITTLEGUY,USDT,2025-09-23
GFM/USDT,GFM,USDT,2025-09-23
WALK/USDT,WALK,USDT,2025-09-23
DPR/USDT,DPR,USDT,2025-09-23
FUCOIN/USDT,FUCOIN,USDT,2025-09-23
DEFROGS/USDT,DEFROGS,USDT,2025-09-23
NZC/USDT,NZC,USDT,2025-09-23
WORTHLESS/USDT,WORTHLESS,USDT,2025-09-23
GENO/USDT,GENO,USDT,2025-09-23
CLX/USDT,CLX,USDT,2025-09-23
DIGIGOAL/USDT,DIGIGOAL,USDT,2025-09-23
CROWN/USDT,CROWN,USDT,2025-09-23
INFOFI/USDT,INFOFI,USDT,2025-09-23
DRA/USDT,DRA,USDT,2025-09-23
DOMI/USDT,DOMI,USDT,2025-09-23
PLYR/USDT,PLYR,USDT,2025-09-23
BUNNY/USDT,BUNNY,USDT,2025-09-23
MMD/USDT,MMD,USDT,2025-09-23
DOGA/USDT,DOGA,USDT,2025-09-23
DOGEAI/USDT,DOGEAI,USDT,2025-09-23
UOS/USDT,UOS,USDT,2025-09-23
ORANGE/USDT,ORANGE,USDT,2025-09-23
VOLTAGE/USDT,VOLTAGE,USDT,2025-09-23
XLS/USDT,XLS,USDT,2025-09-23
CATE/USDT,CATE,USDT,2025-09-23
UPT/USDT,UPT,USDT,2025-09-23
STNK/USDT,STNK,USDT,2025-09-23
ARCHAI/USDT,ARCHAI,USDT,2025-09-23
LUIGI/USDT,LUIGI,USDT,2025-09-23
PLMS/USDT,PLMS,USDT,2025-09-23
TRISIG/USDT,TRISIG,USDT,2025-09-23
MUDOL2/USDT,MUDOL2,USDT,2025-09-23
JSM/USDT,JSM,USDT,2025-09-23
GROW/USDT,GROW,USDT,2025-09-23
FMXEN/USDT,FMXEN,USDT,2025-09-23
ZRS/USDT,ZRS,USDT,2025-09-23
YAKA/USDT,YAKA,USDT,2025-09-23
IONX/USDT,IONX,USDT,2025-09-23
XRP2/USDT,XRP2,USDT,2025-09-23
LMCSWAP/USDT,LMCSWAP,USDT,2025-09-23
XHP/USDT,XHP,USDT,2025-09-23
PALM/USDT,PALM,USDT,2025-09-23
PKTC/USDT,PKTC,USDT,2025-09-23
KDG/USDT,KDG,USDT,2025-09-23
HQ/USDT,HQ,USDT,2025-09-23
BITCAT/USDT,BITCAT,USDT,2025-09-23
DCC/USDT,DCC,USDT,2025-09-23
PMG/USDT,PMG,USDT,2025-09-23
AE/USDT,AE,USDT,2025-09-23
RETARDIO/USDT,RETARDIO,USDT,2025-09-23
ARENA/USDT,ARENA,USDT,2025-09-23
SQUAD/USDT,SQUAD,USDT,2025-09-23
ELK/USDT,ELK,USDT,2025-09-23
TOTAKEKE/USDT,TOTAKEKE,USDT,2025-09-23
PEPECAT/USDT,PEPECAT,USDT,2025-09-23
BCT/USDT,BCT,USDT,2025-09-23
DAOLITY/USDT,DAOLITY,USDT,2025-09-23
MOON/USDT,MOON,USDT,2025-09-23
SKYAI/USDT,SKYAI,USDT,2025-09-23
JUNO/USDT,JUNO,USDT,2025-09-23
SAFFRONFI/USDT,SAFFRONFI,USDT,2025-09-23
SUPR/USDT,SUPR,USDT,2025-09-23
NEBL/USDT,NEBL,USDT,2025-09-23
EXS/USDT,EXS,USDT,2025-09-23
DEB/USDT,DEB,USDT,2025-09-23
SDT/USDT,SDT,USDT,2025-09-23
EON/USDT,EON,USDT,2025-09-23
AJUN/USDT,AJUN,USDT,2025-09-23
SPKY/USDT,SPKY,USDT,2025-09-23
MCB/USDT,MCB,USDT,2025-09-23
STB/USDT,STB,USDT,2025-09-23
TANAKI/USDT,TANAKI,USDT,2025-09-23
AGNT/USDT,AGNT,USDT,2025-09-23
PEPEBAGS/USDT,PEPEBAGS,USDT,2025-09-23
CRTS/USDT,CRTS,USDT,2025-09-23
TBA/USDT,TBA,USDT,2025-09-23
XGAS/USDT,XGAS,USDT,2025-09-23
LBTC1/USDT,LBTC1,USDT,2025-09-23
WRKX/USDT,WRKX,USDT,2025-09-23
VERSE/USDT,VERSE,USDT,2025-09-23
GGMT/USDT,GGMT,USDT,2025-09-23
STAGE/USDT,STAGE,USDT,2025-09-23
SCAM/USDT,SCAM,USDT,2025-09-23
MPAA/USDT,MPAA,USDT,2025-09-23
EARNM/USDT,EARNM,USDT,2025-09-23
LCAT/USDT,LCAT,USDT,2025-09-23
BTH/USDT,BTH,USDT,2025-09-23
HENLO/USDT,HENLO,USDT,2025-09-23
SHOOT/USDT,SHOOT,USDT,2025-09-23
FORK/USDT,FORK,USDT,2025-09-23
HALO/USDT,HALO,USDT,2025-09-23
CLANKERSOL/USDT,CLANKERSOL,USDT,2025-09-23
BHOO/USDT,BHOO,USDT,2025-09-23
COMBO/USDT,COMBO,USDT,2025-09-23
ROOM/USDT,ROOM,USDT,2025-09-23
ANONCOIN/USDT,ANONCOIN,USDT,2025-09-23
SERO/USDT,SERO,USDT,2025-09-23
SYLO/USDT,SYLO,USDT,2025-09-24
XCV/USDT,XCV,USDT,2025-09-24
ABBC/USDT,ABBC,USDT,2025-09-24
GQB/USDT,GQB,USDT,2025-09-24
WTA/USDT,WTA,USDT,2025-09-24
GALAXIS/USDT,GALAXIS,USDT,2025-09-24
GULL/USDT,GULL,USDT,2025-09-24
SAN/USDT,SAN,USDT,2025-09-24
GREENBTC/USDT,GREENBTC,USDT,2025-09-24
NAP/USDT,NAP,USDT,2025-09-24
FORK/USDT,FORK,USDT,2025-09-24
DON/USDT,DON,USDT,2025-09-24
KRU/USDT,KRU,USDT,2025-09-24
STUPIDINU/USDT,STUPIDINU,USDT,2025-09-24
NOVA/USDT,NOVA,USDT,2025-09-24
EQ/USDT,EQ,USDT,2025-09-24
MSTRX/USDT,MSTRX,USDT,2025-09-24
VICS/USDT,VICS,USDT,2025-09-24
FINBLOX/USDT,FINBLOX,USDT,2025-09-24
HALO/USDT,HALO,USDT,2025-09-24
PHYCHAIN/USDT,PHYCHAIN,USDT,2025-09-24
GSTOP/USDT,GSTOP,USDT,2025-09-24
BROWNHOUSE/USDT,BROWNHOUSE,USDT,2025-09-24
KALIS/USDT,KALIS,USDT,2025-09-24
FORWARD/USDT,FORWARD,USDT,2025-09-24
FLAY/USDT,FLAY,USDT,2025-09-24
PEPEONTRON/USDT,PEPEONTRON,USDT,2025-09-24
OGGYETH/USDT,OGGYETH,USDT,2025-09-24
CLANKERSOL/USDT,CLANKERSOL,USDT,2025-09-24
GQ/USDT,GQ,USDT,2025-09-24
ANITA/USDT,ANITA,USDT,2025-09-24
DOGSOL/USDT,DOGSOL,USDT,2025-09-24
MASS/USDT,MASS,USDT,2025-09-24
ULX/USDT,ULX,USDT,2025-09-24
REXSOL/USDT,REXSOL,USDT,2025-09-24
LITTLEGUY/USDT,LITTLEGUY,USDT,2025-09-24
GFM/USDT,GFM,USDT,2025-09-24
WALK/USDT,WALK,USDT,2025-09-24
DPR/USDT,DPR,USDT,2025-09-24
FUCOIN/USDT,FUCOIN,USDT,2025-09-24
DEFROGS/USDT,DEFROGS,USDT,2025-09-24
NZC/USDT,NZC,USDT,2025-09-24
WORTHLESS/USDT,WORTHLESS,USDT,2025-09-24
GENO/USDT,GENO,USDT,2025-09-24
CLX/USDT,CLX,USDT,2025-09-24
BHOO/USDT,BHOO,USDT,2025-09-24
DIGIGOAL/USDT,DIGIGOAL,USDT,2025-09-24
CROWN/USDT,CROWN,USDT,2025-09-24
INFOFI/USDT,INFOFI,USDT,2025-09-24
DRA/USDT,DRA,USDT,2025-09-24
DOMI/USDT,DOMI,USDT,2025-09-24
PLYR/USDT,PLYR,USDT,2025-09-24
BUNNY/USDT,BUNNY,USDT,2025-09-24
MMD/USDT,MMD,USDT,2025-09-24
DOGA/USDT,DOGA,USDT,2025-09-24
DOGEAI/USDT,DOGEAI,USDT,2025-09-24
UOS/USDT,UOS,USDT,2025-09-24
ORANGE/USDT,ORANGE,USDT,2025-09-24
VOLTAGE/USDT,VOLTAGE,USDT,2025-09-24
XLS/USDT,XLS,USDT,2025-09-24
CATE/USDT,CATE,USDT,2025-09-24
STNK/USDT,STNK,USDT,2025-09-24
ARCHAI/USDT,ARCHAI,USDT,2025-09-24
LUIGI/USDT,LUIGI,USDT,2025-09-24
PLMS/USDT,PLMS,USDT,2025-09-24
TRISIG/USDT,TRISIG,USDT,2025-09-24
MUDOL2/USDT,MUDOL2,USDT,2025-09-24
JSM/USDT,JSM,USDT,2025-09-24
GROW/USDT,GROW,USDT,2025-09-24
COMBO/USDT,COMBO,USDT,2025-09-24
FMXEN/USDT,FMXEN,USDT,2025-09-24
ZRS/USDT,ZRS,USDT,2025-09-24
YAKA/USDT,YAKA,USDT,2025-09-24
IONX/USDT,IONX,USDT,2025-09-24
XRP2/USDT,XRP2,USDT,2025-09-24
LMCSWAP/USDT,LMCSWAP,USDT,2025-09-24
XHP/USDT,XHP,USDT,2025-09-24
PALM/USDT,PALM,USDT,2025-09-24
PKTC/USDT,PKTC,USDT,2025-09-24
KDG/USDT,KDG,USDT,2025-09-24
HQ/USDT,HQ,USDT,2025-09-24
BITCAT/USDT,BITCAT,USDT,2025-09-24
PMG/USDT,PMG,USDT,2025-09-24
AE/USDT,AE,USDT,2025-09-24
RETARDIO/USDT,RETARDIO,USDT,2025-09-24
ARENA/USDT,ARENA,USDT,2025-09-24
SQUAD/USDT,SQUAD,USDT,2025-09-24
ROOM/USDT,ROOM,USDT,2025-09-24
TOTAKEKE/USDT,TOTAKEKE,USDT,2025-09-24
ANONCOIN/USDT,ANONCOIN,USDT,2025-09-24
PEPECAT/USDT,PEPECAT,USDT,2025-09-24
BCT/USDT,BCT,USDT,2025-09-24
DAOLITY/USDT,DAOLITY,USDT,2025-09-24
MOON/USDT,MOON,USDT,2025-09-24
SKYAI/USDT,SKYAI,USDT,2025-09-24
JUNO/USDT,JUNO,USDT,2025-09-24
SAFFRONFI/USDT,SAFFRONFI,USDT,2025-09-24
SUPR/USDT,SUPR,USDT,2025-09-24
NEBL/USDT,NEBL,USDT,2025-09-24
EXS/USDT,EXS,USDT,2025-09-24
DEB/USDT,DEB,USDT,2025-09-24
SDT/USDT,SDT,USDT,2025-09-24
EON/USDT,EON,USDT,2025-09-24
AJUN/USDT,AJUN,USDT,2025-09-24
SPKY/USDT,SPKY,USDT,2025-09-24
MCB/USDT,MCB,USDT,2025-09-24
STB/USDT,STB,USDT,2025-09-24
TANAKI/USDT,TANAKI,USDT,2025-09-24
AGNT/USDT,AGNT,USDT,2025-09-24
PEPEBAGS/USDT,PEPEBAGS,USDT,2025-09-24
CRTS/USDT,CRTS,USDT,2025-09-24
TBA/USDT,TBA,USDT,2025-09-24
XGAS/USDT,XGAS,USDT,2025-09-24
LBTC1/USDT,LBTC1,USDT,2025-09-24
WRKX/USDT,WRKX,USDT,2025-09-24
VERSE/USDT,VERSE,USDT,2025-09-24
GGMT/USDT,GGMT,USDT,2025-09-24
STAGE/USDT,STAGE,USDT,2025-09-24
SCAM/USDT,SCAM,USDT,2025-09-24
MPAA/USDT,MPAA,USDT,2025-09-24
EARNM/USDT,EARNM,USDT,2025-09-24
LCAT/USDT,LCAT,USDT,2025-09-24
BTH/USDT,BTH,USDT,2025-09-24
HENLO/USDT,HENLO,USDT,2025-09-24
SHOOT/USDT,SHOOT,USDT,2025-09-24
SERO/USDT,SERO,USDT,2025-09-24
AUTOS/USDT,AUTOS,USDT,2025-09-24
SYLO/USDT,SYLO,USDT,2025-09-25
XCV/USDT,XCV,USDT,2025-09-25
AUTOS/USDT,AUTOS,USDT,2025-09-25
ABBC/USDT,ABBC,USDT,2025-09-25
GQB/USDT,GQB,USDT,2025-09-25
WTA/USDT,WTA,USDT,2025-09-25
GALAXIS/USDT,GALAXIS,USDT,2025-09-25
GULL/USDT,GULL,USDT,2025-09-25
SAN/USDT,SAN,USDT,2025-09-25
GREENBTC/USDT,GREENBTC,USDT,2025-09-25
NAP/USDT,NAP,USDT,2025-09-25
FORK/USDT,FORK,USDT,2025-09-25
DON/USDT,DON,USDT,2025-09-25
KRU/USDT,KRU,USDT,2025-09-25
STUPIDINU/USDT,STUPIDINU,USDT,2025-09-25
NOVA/USDT,NOVA,USDT,2025-09-25
EQ/USDT,EQ,USDT,2025-09-25
MSTRX/USDT,MSTRX,USDT,2025-09-25
VICS/USDT,VICS,USDT,2025-09-25
FINBLOX/USDT,FINBLOX,USDT,2025-09-25
HALO/USDT,HALO,USDT,2025-09-25
PHYCHAIN/USDT,PHYCHAIN,USDT,2025-09-25
GSTOP/USDT,GSTOP,USDT,2025-09-25
BROWNHOUSE/USDT,BROWNHOUSE,USDT,2025-09-25
KALIS/USDT,KALIS,USDT,2025-09-25
FORWARD/USDT,FORWARD,USDT,2025-09-25
FLAY/USDT,FLAY,USDT,2025-09-25
PEPEONTRON/USDT,PEPEONTRON,USDT,2025-09-25
OGGYETH/USDT,OGGYETH,USDT,2025-09-25
CLANKERSOL/USDT,CLANKERSOL,USDT,2025-09-25
GQ/USDT,GQ,USDT,2025-09-25
ANITA/USDT,ANITA,USDT,2025-09-25
DOGSOL/USDT,DOGSOL,USDT,2025-09-25
MASS/USDT,MASS,USDT,2025-09-25
ULX/USDT,ULX,USDT,2025-09-25
REXSOL/USDT,REXSOL,USDT,2025-09-25
LITTLEGUY/USDT,LITTLEGUY,USDT,2025-09-25
GFM/USDT,GFM,USDT,2025-09-25
WALK/USDT,WALK,USDT,2025-09-25
DPR/USDT,DPR,USDT,2025-09-25
FUCOIN/USDT,FUCOIN,USDT,2025-09-25
DEFROGS/USDT,DEFROGS,USDT,2025-09-25
NZC/USDT,NZC,USDT,2025-09-25
WORTHLESS/USDT,WORTHLESS,USDT,2025-09-25
GENO/USDT,GENO,USDT,2025-09-25
CLX/USDT,CLX,USDT,2025-09-25
BHOO/USDT,BHOO,USDT,2025-09-25
DIGIGOAL/USDT,DIGIGOAL,USDT,2025-09-25
CROWN/USDT,CROWN,USDT,2025-09-25
INFOFI/USDT,INFOFI,USDT,2025-09-25
DRA/USDT,DRA,USDT,2025-09-25
DOMI/USDT,DOMI,USDT,2025-09-25
PLYR/USDT,PLYR,USDT,2025-09-25
BUNNY/USDT,BUNNY,USDT,2025-09-25
MMD/USDT,MMD,USDT,2025-09-25
DOGA/USDT,DOGA,USDT,2025-09-25
DOGEAI/USDT,DOGEAI,USDT,2025-09-25
UOS/USDT,UOS,USDT,2025-09-25
ORANGE/USDT,ORANGE,USDT,2025-09-25
VOLTAGE/USDT,VOLTAGE,USDT,2025-09-25
XLS/USDT,XLS,USDT,2025-09-25
CATE/USDT,CATE,USDT,2025-09-25
STNK/USDT,STNK,USDT,2025-09-25
ARCHAI/USDT,ARCHAI,USDT,2025-09-25
LUIGI/USDT,LUIGI,USDT,2025-09-25
PLMS/USDT,PLMS,USDT,2025-09-25
TRISIG/USDT,TRISIG,USDT,2025-09-25
MUDOL2/USDT,MUDOL2,USDT,2025-09-25
JSM/USDT,JSM,USDT,2025-09-25
GROW/USDT,GROW,USDT,2025-09-25
COMBO/USDT,COMBO,USDT,2025-09-25
FMXEN/USDT,FMXEN,USDT,2025-09-25
ZRS/USDT,ZRS,USDT,2025-09-25
YAKA/USDT,YAKA,USDT,2025-09-25
IONX/USDT,IONX,USDT,2025-09-25
XRP2/USDT,XRP2,USDT,2025-09-25
LMCSWAP/USDT,LMCSWAP,USDT,2025-09-25
XHP/USDT,XHP,USDT,2025-09-25
PALM/USDT,PALM,USDT,2025-09-25
PKTC/USDT,PKTC,USDT,2025-09-25
KDG/USDT,KDG,USDT,2025-09-25
HQ/USDT,HQ,USDT,2025-09-25
BITCAT/USDT,BITCAT,USDT,2025-09-25
PMG/USDT,PMG,USDT,2025-09-25
AE/USDT,AE,USDT,2025-09-25
RETARDIO/USDT,RETARDIO,USDT,2025-09-25
ARENA/USDT,ARENA,USDT,2025-09-25
SQUAD/USDT,SQUAD,USDT,2025-09-25
ROOM/USDT,ROOM,USDT,2025-09-25
TOTAKEKE/USDT,TOTAKEKE,USDT,2025-09-25
ANONCOIN/USDT,ANONCOIN,USDT,2025-09-25
PEPECAT/USDT,PEPECAT,USDT,2025-09-25
BCT/USDT,BCT,USDT,2025-09-25
DAOLITY/USDT,DAOLITY,USDT,2025-09-25
MOON/USDT,MOON,USDT,2025-09-25
SKYAI/USDT,SKYAI,USDT,2025-09-25
JUNO/USDT,JUNO,USDT,2025-09-25
SAFFRONFI/USDT,SAFFRONFI,USDT,2025-09-25
SUPR/USDT,SUPR,USDT,2025-09-25
NEBL/USDT,NEBL,USDT,2025-09-25
EXS/USDT,EXS,USDT,2025-09-25
DEB/USDT,DEB,USDT,2025-09-25
SDT/USDT,SDT,USDT,2025-09-25
EON/USDT,EON,USDT,2025-09-25
AJUN/USDT,AJUN,USDT,2025-09-25
SPKY/USDT,SPKY,USDT,2025-09-25
MCB/USDT,MCB,USDT,2025-09-25
TANAKI/USDT,TANAKI,USDT,2025-09-25
AGNT/USDT,AGNT,USDT,2025-09-25
PEPEBAGS/USDT,PEPEBAGS,USDT,2025-09-25
CRTS/USDT,CRTS,USDT,2025-09-25
TBA/USDT,TBA,USDT,2025-09-25
XGAS/USDT,XGAS,USDT,2025-09-25
LBTC1/USDT,LBTC1,USDT,2025-09-25
WRKX/USDT,WRKX,USDT,2025-09-25
VERSE/USDT,VERSE,USDT,2025-09-25
GGMT/USDT,GGMT,USDT,2025-09-25
STAGE/USDT,STAGE,USDT,2025-09-25
SCAM/USDT,SCAM,USDT,2025-09-25
MPAA/USDT,MPAA,USDT,2025-09-25
EARNM/USDT,EARNM,USDT,2025-09-25
LCAT/USDT,LCAT,USDT,2025-09-25
BTH/USDT,BTH,USDT,2025-09-25
HENLO/USDT,HENLO,USDT,2025-09-25
SHOOT/USDT,SHOOT,USDT,2025-09-25
SERO/USDT,SERO,USDT,2025-09-25
SYLO/USDT,SYLO,USDT,2025-09-26
XCV/USDT,XCV,USDT,2025-09-26
AUTOS/USDT,AUTOS,USDT,2025-09-26
ABBC/USDT,ABBC,USDT,2025-09-26
GQB/USDT,GQB,USDT,2025-09-26
WTA/USDT,WTA,USDT,2025-09-26
GALAXIS/USDT,GALAXIS,USDT,2025-09-26
GULL/USDT,GULL,USDT,2025-09-26
GREENBTC/USDT,GREENBTC,USDT,2025-09-26
NAP/USDT,NAP,USDT,2025-09-26
KRU/USDT,KRU,USDT,2025-09-26
NOVA/USDT,NOVA,USDT,2025-09-26
EQ/USDT,EQ,USDT,2025-09-26
VICS/USDT,VICS,USDT,2025-09-26
FINBLOX/USDT,FINBLOX,USDT,2025-09-26
PHYCHAIN/USDT,PHYCHAIN,USDT,2025-09-26
GSTOP/USDT,GSTOP,USDT,2025-09-26
KALIS/USDT,KALIS,USDT,2025-09-26
FORWARD/USDT,FORWARD,USDT,2025-09-26
FLAY/USDT,FLAY,USDT,2025-09-26
OGGYETH/USDT,OGGYETH,USDT,2025-09-26
GQ/USDT,GQ,USDT,2025-09-26
MASS/USDT,MASS,USDT,2025-09-26
ULX/USDT,ULX,USDT,2025-09-26
WALK/USDT,WALK,USDT,2025-09-26
DPR/USDT,DPR,USDT,2025-09-26
FUCOIN/USDT,FUCOIN,USDT,2025-09-26
NZC/USDT,NZC,USDT,2025-09-26
GENO/USDT,GENO,USDT,2025-09-26
DIGIGOAL/USDT,DIGIGOAL,USDT,2025-09-26
CROWN/USDT,CROWN,USDT,2025-09-26
INFOFI/USDT,INFOFI,USDT,2025-09-26
DRA/USDT,DRA,USDT,2025-09-26
DOMI/USDT,DOMI,USDT,2025-09-26
DOGEAI/USDT,DOGEAI,USDT,2025-09-26
UOS/USDT,UOS,USDT,2025-09-26
MUSKIT/USDT,MUSKIT,USDT,2025-09-26
XLS/USDT,XLS,USDT,2025-09-26
CATE/USDT,CATE,USDT,2025-09-26
TRISIG/USDT,TRISIG,USDT,2025-09-26
MUDOL2/USDT,MUDOL2,USDT,2025-09-26
JSM/USDT,JSM,USDT,2025-09-26
GROW/USDT,GROW,USDT,2025-09-26
CAM/USDT,CAM,USDT,2025-09-26
FMXEN/USDT,FMXEN,USDT,2025-09-26
ZRS/USDT,ZRS,USDT,2025-09-26
YAKA/USDT,YAKA,USDT,2025-09-26
IONX/USDT,IONX,USDT,2025-09-26
EPLIE/USDT,EPLIE,USDT,2025-09-26
LMCSWAP/USDT,LMCSWAP,USDT,2025-09-26
PKTC/USDT,PKTC,USDT,2025-09-26
KDG/USDT,KDG,USDT,2025-09-26
HQ/USDT,HQ,USDT,2025-09-26
BITCAT/USDT,BITCAT,USDT,2025-09-26
PMG/USDT,PMG,USDT,2025-09-26
AE/USDT,AE,USDT,2025-09-26
RETARDIO/USDT,RETARDIO,USDT,2025-09-26
ARENA/USDT,ARENA,USDT,2025-09-26
SQUAD/USDT,SQUAD,USDT,2025-09-26
MOON/USDT,MOON,USDT,2025-09-26
JUNO/USDT,JUNO,USDT,2025-09-26
OMNIA/USDT,OMNIA,USDT,2025-09-26
NEBL/USDT,NEBL,USDT,2025-09-26
EXS/USDT,EXS,USDT,2025-09-26
DEB/USDT,DEB,USDT,2025-09-26
SDT/USDT,SDT,USDT,2025-09-26
EON/USDT,EON,USDT,2025-09-26
AJUN/USDT,AJUN,USDT,2025-09-26
PONGO/USDT,PONGO,USDT,2025-09-26
MCB/USDT,MCB,USDT,2025-09-26
AGNT/USDT,AGNT,USDT,2025-09-26
CRTS/USDT,CRTS,USDT,2025-09-26
LBTC1/USDT,LBTC1,USDT,2025-09-26
GGMT/USDT,GGMT,USDT,2025-09-26
STAGE/USDT,STAGE,USDT,2025-09-26
SCAM/USDT,SCAM,USDT,2025-09-26
MPAA/USDT,MPAA,USDT,2025-09-26
EARNM/USDT,EARNM,USDT,2025-09-26
LCAT/USDT,LCAT,USDT,2025-09-26
HENLO/USDT,HENLO,USDT,2025-09-26
SYLO/USDT,SYLO,USDT,2025-09-27
XCV/USDT,XCV,USDT,2025-09-27
AUTOS/USDT,AUTOS,USDT,2025-09-27
ABBC/USDT,ABBC,USDT,2025-09-27
GQB/USDT,GQB,USDT,2025-09-27
WTA/USDT,WTA,USDT,2025-09-27
GALAXIS/USDT,GALAXIS,USDT,2025-09-27
GULL/USDT,GULL,USDT,2025-09-27
GREENBTC/USDT,GREENBTC,USDT,2025-09-27
NAP/USDT,NAP,USDT,2025-09-27
KRU/USDT,KRU,USDT,2025-09-27
NOVA/USDT,NOVA,USDT,2025-09-27
EQ/USDT,EQ,USDT,2025-09-27
VICS/USDT,VICS,USDT,2025-09-27
FINBLOX/USDT,FINBLOX,USDT,2025-09-27
PHYCHAIN/USDT,PHYCHAIN,USDT,2025-09-27
GSTOP/USDT,GSTOP,USDT,2025-09-27
KALIS/USDT,KALIS,USDT,2025-09-27
FORWARD/USDT,FORWARD,USDT,2025-09-27
FLAY/USDT,FLAY,USDT,2025-09-27
OGGYETH/USDT,OGGYETH,USDT,2025-09-27
GQ/USDT,GQ,USDT,2025-09-27
MASS/USDT,MASS,USDT,2025-09-27
ULX/USDT,ULX,USDT,2025-09-27
WALK/USDT,WALK,USDT,2025-09-27
DPR/USDT,DPR,USDT,2025-09-27
FUCOIN/USDT,FUCOIN,USDT,2025-09-27
NZC/USDT,NZC,USDT,2025-09-27
GENO/USDT,GENO,USDT,2025-09-27
DIGIGOAL/USDT,DIGIGOAL,USDT,2025-09-27
CROWN/USDT,CROWN,USDT,2025-09-27
INFOFI/USDT,INFOFI,USDT,2025-09-27
DRA/USDT,DRA,USDT,2025-09-27
DOMI/USDT,DOMI,USDT,2025-09-27
DOGEAI/USDT,DOGEAI,USDT,2025-09-27
UOS/USDT,UOS,USDT,2025-09-27
MUSKIT/USDT,MUSKIT,USDT,2025-09-27
XLS/USDT,XLS,USDT,2025-09-27
CATE/USDT,CATE,USDT,2025-09-27
TRISIG/USDT,TRISIG,USDT,2025-09-27
MUDOL2/USDT,MUDOL2,USDT,2025-09-27
JSM/USDT,JSM,USDT,2025-09-27
GROW/USDT,GROW,USDT,2025-09-27
CAM/USDT,CAM,USDT,2025-09-27
FMXEN/USDT,FMXEN,USDT,2025-09-27
ZRS/USDT,ZRS,USDT,2025-09-27
YAKA/USDT,YAKA,USDT,2025-09-27
IONX/USDT,IONX,USDT,2025-09-27
EPLIE/USDT,EPLIE,USDT,2025-09-27
LMCSWAP/USDT,LMCSWAP,USDT,2025-09-27
PKTC/USDT,PKTC,USDT,2025-09-27
KDG/USDT,KDG,USDT,2025-09-27
HQ/USDT,HQ,USDT,2025-09-27
BITCAT/USDT,BITCAT,USDT,2025-09-27
PMG/USDT,PMG,USDT,2025-09-27
AE/USDT,AE,USDT,2025-09-27
RETARDIO/USDT,RETARDIO,USDT,2025-09-27
ARENA/USDT,ARENA,USDT,2025-09-27
SQUAD/USDT,SQUAD,USDT,2025-09-27
MOON/USDT,MOON,USDT,2025-09-27
JUNO/USDT,JUNO,USDT,2025-09-27
OMNIA/USDT,OMNIA,USDT,2025-09-27
NEBL/USDT,NEBL,USDT,2025-09-27
EXS/USDT,EXS,USDT,2025-09-27
DEB/USDT,DEB,USDT,2025-09-27
SDT/USDT,SDT,USDT,2025-09-27
EON/USDT,EON,USDT,2025-09-27
AJUN/USDT,AJUN,USDT,2025-09-27
PONGO/USDT,PONGO,USDT,2025-09-27
MCB/USDT,MCB,USDT,2025-09-27
AGNT/USDT,AGNT,USDT,2025-09-27
CRTS/USDT,CRTS,USDT,2025-09-27
LBTC1/USDT,LBTC1,USDT,2025-09-27
GGMT/USDT,GGMT,USDT,2025-09-27
STAGE/USDT,STAGE,USDT,2025-09-27
SCAM/USDT,SCAM,USDT,2025-09-27
MPAA/USDT,MPAA,USDT,2025-09-27
EARNM/USDT,EARNM,USDT,2025-09-27
LCAT/USDT,LCAT,USDT,2025-09-27
HENLO/USDT,HENLO,USDT,2025-09-27
BONGO/USDT,BONGO,USDT,2025-09-27
XPE/USDT,XPE,USDT,2025-09-27
SYLO/USDT,SYLO,USDT,2025-09-28
XCV/USDT,XCV,USDT,2025-09-28
AUTOS/USDT,AUTOS,USDT,2025-09-28
ABBC/USDT,ABBC,USDT,2025-09-28
GQB/USDT,GQB,USDT,2025-09-28
WTA/USDT,WTA,USDT,2025-09-28
GALAXIS/USDT,GALAXIS,USDT,2025-09-28
GULL/USDT,GULL,USDT,2025-09-28
GREENBTC/USDT,GREENBTC,USDT,2025-09-28
NAP/USDT,NAP,USDT,2025-09-28
KRU/USDT,KRU,USDT,2025-09-28
NOVA/USDT,NOVA,USDT,2025-09-28
EQ/USDT,EQ,USDT,2025-09-28
VICS/USDT,VICS,USDT,2025-09-28
FINBLOX/USDT,FINBLOX,USDT,2025-09-28
PHYCHAIN/USDT,PHYCHAIN,USDT,2025-09-28
GSTOP/USDT,GSTOP,USDT,2025-09-28
KALIS/USDT,KALIS,USDT,2025-09-28
FORWARD/USDT,FORWARD,USDT,2025-09-28
FLAY/USDT,FLAY,USDT,2025-09-28
OGGYETH/USDT,OGGYETH,USDT,2025-09-28
GQ/USDT,GQ,USDT,2025-09-28
MASS/USDT,MASS,USDT,2025-09-28
ULX/USDT,ULX,USDT,2025-09-28
BONGO/USDT,BONGO,USDT,2025-09-28
WALK/USDT,WALK,USDT,2025-09-28
DPR/USDT,DPR,USDT,2025-09-28
FUCOIN/USDT,FUCOIN,USDT,2025-09-28
NZC/USDT,NZC,USDT,2025-09-28
GENO/USDT,GENO,USDT,2025-09-28
CROWN/USDT,CROWN,USDT,2025-09-28
INFOFI/USDT,INFOFI,USDT,2025-09-28
DRA/USDT,DRA,USDT,2025-09-28
DOGEAI/USDT,DOGEAI,USDT,2025-09-28
UOS/USDT,UOS,USDT,2025-09-28
MUSKIT/USDT,MUSKIT,USDT,2025-09-28
XLS/USDT,XLS,USDT,2025-09-28
CATE/USDT,CATE,USDT,2025-09-28
TRISIG/USDT,TRISIG,USDT,2025-09-28
MUDOL2/USDT,MUDOL2,USDT,2025-09-28
JSM/USDT,JSM,USDT,2025-09-28
GROW/USDT,GROW,USDT,2025-09-28
CAM/USDT,CAM,USDT,2025-09-28
FMXEN/USDT,FMXEN,USDT,2025-09-28
ZRS/USDT,ZRS,USDT,2025-09-28
YAKA/USDT,YAKA,USDT,2025-09-28
IONX/USDT,IONX,USDT,2025-09-28
EPLIE/USDT,EPLIE,USDT,2025-09-28
LMCSWAP/USDT,LMCSWAP,USDT,2025-09-28
PKTC/USDT,PKTC,USDT,2025-09-28
KDG/USDT,KDG,USDT,2025-09-28
HQ/USDT,HQ,USDT,2025-09-28
BITCAT/USDT,BITCAT,USDT,2025-09-28
PMG/USDT,PMG,USDT,2025-09-28
AE/USDT,AE,USDT,2025-09-28
RETARDIO/USDT,RETARDIO,USDT,2025-09-28
ARENA/USDT,ARENA,USDT,2025-09-28
SQUAD/USDT,SQUAD,USDT,2025-09-28
XPE/USDT,XPE,USDT,2025-09-28
MOON/USDT,MOON,USDT,2025-09-28
JUNO/USDT,JUNO,USDT,2025-09-28
OMNIA/USDT,OMNIA,USDT,2025-09-28
NEBL/USDT,NEBL,USDT,2025-09-28
EXS/USDT,EXS,USDT,2025-09-28
DEB/USDT,DEB,USDT,2025-09-28
SDT/USDT,SDT,USDT,2025-09-28
EON/USDT,EON,USDT,2025-09-28
AJUN/USDT,AJUN,USDT,2025-09-28
PONGO/USDT,PONGO,USDT,2025-09-28
MCB/USDT,MCB,USDT,2025-09-28
AGNT/USDT,AGNT,USDT,2025-09-28
CRTS/USDT,CRTS,USDT,2025-09-28
LBTC1/USDT,LBTC1,USDT,2025-09-28
GGMT/USDT,GGMT,USDT,2025-09-28
STAGE/USDT,STAGE,USDT,2025-09-28
SCAM/USDT,SCAM,USDT,2025-09-28
MPAA/USDT,MPAA,USDT,2025-09-28
EARNM/USDT,EARNM,USDT,2025-09-28
LCAT/USDT,LCAT,USDT,2025-09-28
HENLO/USDT,HENLO,USDT,2025-09-28
SYLO/USDT,SYLO,USDT,2025-09-29
XCV/USDT,XCV,USDT,2025-09-29
AUTOS/USDT,AUTOS,USDT,2025-09-29
ABBC/USDT,ABBC,USDT,2025-09-29
GQB/USDT,GQB,USDT,2025-09-29
WTA/USDT,WTA,USDT,2025-09-29
GALAXIS/USDT,GALAXIS,USDT,2025-09-29
GULL/USDT,GULL,USDT,2025-09-29
GREENBTC/USDT,GREENBTC,USDT,2025-09-29
NAP/USDT,NAP,USDT,2025-09-29
KRU/USDT,KRU,USDT,2025-09-29
NOVA/USDT,NOVA,USDT,2025-09-29
EQ/USDT,EQ,USDT,2025-09-29
VICS/USDT,VICS,USDT,2025-09-29
FINBLOX/USDT,FINBLOX,USDT,2025-09-29
PHYCHAIN/USDT,PHYCHAIN,USDT,2025-09-29
GSTOP/USDT,GSTOP,USDT,2025-09-29
KALIS/USDT,KALIS,USDT,2025-09-29
FORWARD/USDT,FORWARD,USDT,2025-09-29
FLAY/USDT,FLAY,USDT,2025-09-29
OGGYETH/USDT,OGGYETH,USDT,2025-09-29
GQ/USDT,GQ,USDT,2025-09-29
MASS/USDT,MASS,USDT,2025-09-29
ULX/USDT,ULX,USDT,2025-09-29
BONGO/USDT,BONGO,USDT,2025-09-29
WALK/USDT,WALK,USDT,2025-09-29
DPR/USDT,DPR,USDT,2025-09-29
FUCOIN/USDT,FUCOIN,USDT,2025-09-29
NZC/USDT,NZC,USDT,2025-09-29
GENO/USDT,GENO,USDT,2025-09-29
CROWN/USDT,CROWN,USDT,2025-09-29
INFOFI/USDT,INFOFI,USDT,2025-09-29
DRA/USDT,DRA,USDT,2025-09-29
UOS/USDT,UOS,USDT,2025-09-29
MUSKIT/USDT,MUSKIT,USDT,2025-09-29
XLS/USDT,XLS,USDT,2025-09-29
CATE/USDT,CATE,USDT,2025-09-29
TRISIG/USDT,TRISIG,USDT,2025-09-29
MUDOL2/USDT,MUDOL2,USDT,2025-09-29
JSM/USDT,JSM,USDT,2025-09-29
GROW/USDT,GROW,USDT,2025-09-29
CAM/USDT,CAM,USDT,2025-09-29
FMXEN/USDT,FMXEN,USDT,2025-09-29
ZRS/USDT,ZRS,USDT,2025-09-29
YAKA/USDT,YAKA,USDT,2025-09-29
IONX/USDT,IONX,USDT,2025-09-29
EPLIE/USDT,EPLIE,USDT,2025-09-29
LMCSWAP/USDT,LMCSWAP,USDT,2025-09-29
PKTC/USDT,PKTC,USDT,2025-09-29
KDG/USDT,KDG,USDT,2025-09-29
HQ/USDT,HQ,USDT,2025-09-29
BITCAT/USDT,BITCAT,USDT,2025-09-29
PMG/USDT,PMG,USDT,2025-09-29
AE/USDT,AE,USDT,2025-09-29
RETARDIO/USDT,RETARDIO,USDT,2025-09-29
ARENA/USDT,ARENA,USDT,2025-09-29
SQUAD/USDT,SQUAD,USDT,2025-09-29
XPE/USDT,XPE,USDT,2025-09-29
MOON/USDT,MOON,USDT,2025-09-29
JUNO/USDT,JUNO,USDT,2025-09-29
OMNIA/USDT,OMNIA,USDT,2025-09-29
NEBL/USDT,NEBL,USDT,2025-09-29
EXS/USDT,EXS,USDT,2025-09-29
DEB/USDT,DEB,USDT,2025-09-29
SDT/USDT,SDT,USDT,2025-09-29
EON/USDT,EON,USDT,2025-09-29
AJUN/USDT,AJUN,USDT,2025-09-29
PONGO/USDT,PONGO,USDT,2025-09-29
MCB/USDT,MCB,USDT,2025-09-29
AGNT/USDT,AGNT,USDT,2025-09-29
CRTS/USDT,CRTS,USDT,2025-09-29
LBTC1/USDT,LBTC1,USDT,2025-09-29
GGMT/USDT,GGMT,USDT,2025-09-29
STAGE/USDT,STAGE,USDT,2025-09-29
SCAM/USDT,SCAM,USDT,2025-09-29
MPAA/USDT,MPAA,USDT,2025-09-29
EARNM/USDT,EARNM,USDT,2025-09-29
LCAT/USDT,LCAT,USDT,2025-09-29
HENLO/USDT,HENLO,USDT,2025-09-29
GXAI/USDT,GXAI,USDT,2025-09-29
GVA/USDT,GVA,USDT,2025-09-29
UNO/USDT,UNO,USDT,2025-09-29
KIKI/USDT,KIKI,USDT,2025-09-29
DREYAI/USDT,DREYAI,USDT,2025-09-29
B1OAI/USDT,B1OAI,USDT,2025-09-29
ZRA/USDT,ZRA,USDT,2025-09-29
AIMINT/USDT,AIMINT,USDT,2025-09-29
CKY/USDT,CKY,USDT,2025-09-29
MFER/USDT,MFER,USDT,2025-09-29
LINKE/USDT,LINKE,USDT,2025-09-29
SOLS/USDT,SOLS,USDT,2025-09-29
GENE/USDT,GENE,USDT,2025-09-29
EIN/USDT,EIN,USDT,2025-09-29
PATEX/USDT,PATEX,USDT,2025-09-29
ACP/USDT,ACP,USDT,2025-09-29
CRDA/USDT,CRDA,USDT,2025-09-29
SBX/USDT,SBX,USDT,2025-09-29
ANDR/USDT,ANDR,USDT,2025-09-29
AVENTISAI/USDT,AVENTISAI,USDT,2025-09-29
SNAKES/USDT,SNAKES,USDT,2025-09-29
PUAD/USDT,PUAD,USDT,2025-09-29
CDT/USDT,CDT,USDT,2025-09-29
BOBOD/USDT,BOBOD,USDT,2025-09-29
BLOCKASSET/USDT,BLOCKASSET,USDT,2025-09-29
MAGA/USDT,MAGA,USDT,2025-09-29
CGC/USDT,CGC,USDT,2025-09-29
VITA/USDT,VITA,USDT,2025-09-29
ALLIN/USDT,ALLIN,USDT,2025-09-29
DFUN/USDT,DFUN,USDT,2025-09-29
XPUNK/USDT,XPUNK,USDT,2025-09-29
HALVIORA/USDT,HALVIORA,USDT,2025-09-29
UNISUI/USDT,UNISUI,USDT,2025-09-29
BLUEMOVE/USDT,BLUEMOVE,USDT,2025-09-29
